generator,Capacity_MW
cec23_779,0.0
cec23_780,0.0
cec23_781,0.0
cec23_782,0.0
cec23_783,0.0
cec23_784,0.0
cec23_785,0.0
cec23_786,0.0
cec23_787,0.0
cec23_788,0.0
cec23_789,0.0
cec23_790,0.0
cec23_791,0.0
cec23_792,0.0
cec23_793,0.0
cec23_794,0.0
cec23_795,0.0
cec23_796,0.0
cec23_797,0.0
cec23_798,0.0
cec23_799,0.0
cec23_800,0.0
cec23_801,0.0
cec23_802,0.0
cec23_803,0.0
cec23_804,0.0
cec23_805,0.0
cec23_806,0.0
cec23_807,0.0
cec23_808,0.0
cec23_809,0.0
cec23_810,0.0
cec23_811,0.0
cec23_812,0.0
cec23_813,0.0
cec23_814,0.0
cec23_815,0.0
cec23_816,0.0
cec23_817,0.0
cec23_818,0.0
cec23_819,0.0
cec23_820,0.0
cec23_821,0.0
cec23_822,0.0
cec23_823,0.0
cec23_824,0.0
cec23_825,0.0
cec23_826,0.0
cec23_827,0.0
cec23_828,0.0
cec23_829,0.0
cec23_830,0.0
cec23_831,0.0
cec23_832,0.0
cec23_833,0.0
cec23_834,0.0
cec23_835,0.0
cec23_836,0.0
cec23_837,0.0
cec23_838,0.0
cec23_839,0.0
cec23_840,0.0
cec23_841,0.0
cec23_842,0.0
cec23_843,0.0
cec23_844,0.0
cec23_845,0.0
cec23_846,0.0
cec23_847,0.0
cec23_848,0.0
cec23_849,0.0
cec23_850,0.0
cec23_851,0.0
cec23_852,0.0
cec23_853,0.0
cec23_854,0.0
cec23_855,0.0
cec23_856,0.0
cec23_857,0.0
cec23_858,0.0
cec23_859,0.0
cec23_860,0.0
cec23_861,0.0
cec23_862,0.0
cec23_863,0.0
cec23_864,0.0
cec23_865,0.0
cec23_866,0.0
cec23_867,0.0
cec23_868,0.0
cec23_869,0.0
cec23_870,0.0
cec23_871,0.0
cec23_872,0.0
cec23_873,0.0
cec23_874,0.0
cec23_875,0.0
cec23_876,0.0
cec23_877,0.0
cec23_878,0.0
cec23_879,0.0
cec23_880,0.0
cec23_881,0.0
cec23_882,0.0
cec23_883,0.0
cec23_884,0.0
cec23_885,0.0
cec23_886,0.0
cec23_887,0.0
cec23_888,0.0
cec23_889,0.0
cec23_890,0.0
cec23_891,0.0
cec23_892,0.0
cec23_893,0.0
cec23_894,0.0
cec23_895,0.0
cec23_896,0.0
cec23_897,0.0
cec23_898,0.0
cec23_899,0.0
cec23_900,0.0
cec23_901,0.0
cec23_902,0.0
cec23_903,0.0
cec23_904,0.0
cec23_905,0.0
cec23_906,0.0
cec23_907,0.0
cec23_908,0.0
cec23_909,0.0
cec23_910,0.0
cec23_911,0.0
cec23_912,0.0
cec23_913,0.0
cec23_914,0.0
cec23_915,0.0
cec23_916,0.0
cec23_917,0.0
cec23_918,0.0
cec23_919,0.0
cec23_920,0.0
cec23_921,0.0
cec23_922,0.0
cec23_923,0.0
cec23_924,0.0
cec23_925,0.0
cec23_926,0.0
cec23_927,0.0
cec23_928,0.0
cec23_929,0.0
cec23_930,0.0
cec23_931,0.0
cec23_932,0.0
cec23_933,0.0
cec23_934,0.0
cec23_935,0.0
cec23_936,0.0
cec23_937,0.0
cec23_938,0.0
cec23_939,0.0
cec23_940,0.0
cec23_941,0.0
cec23_942,0.0
cec23_943,0.0
cec23_944,0.0
cec23_945,0.0
cec23_946,0.0
cec23_947,0.0
cec23_948,0.0
cec23_949,0.0
cec23_950,0.0
cec23_951,0.0
cec23_952,0.0
cec23_953,0.0
cec23_954,0.0
cec23_955,0.0
cec23_956,0.0
cec23_957,0.0
cec23_958,0.0
cec23_959,0.0
cec23_960,0.0
cec23_961,0.0
cec23_962,0.0
cec23_963,0.0
cec23_964,0.0
cec23_965,0.0
cec23_966,0.0
cec23_967,0.0
cec23_968,0.0
cec23_969,0.0
cec23_970,0.0
cec23_971,0.0
cec23_972,0.0
cec23_973,0.0
cec23_974,0.0
cec23_975,0.0
cec23_976,0.0
cec23_977,0.0
cec23_978,0.0
cec23_979,0.0
cec23_980,0.0
cec23_981,0.0
cec23_982,0.0
cec23_983,0.0
cec23_984,0.0
cec23_985,0.0
cec23_986,0.0
cec23_987,0.0
cec23_988,0.0
cec23_989,0.0
cec23_990,0.0
cec23_991,0.0
cec23_992,0.0
cec23_993,0.0
cec23_994,0.0
cec23_995,0.0
cec23_996,0.0
cec23_997,0.0
cec23_998,0.0
cec23_999,0.0
cec23_1000,0.0
cec23_1001,0.0
cec23_1002,0.0
cec23_1003,0.0
cec23_1004,0.0
cec23_1005,0.0
cec23_1006,0.0
cec23_1007,0.0
cec23_1008,0.0
cec23_1009,0.0
cec23_1010,0.0
cec23_1011,0.0
cec23_1012,0.0
cec23_1013,0.0
cec23_1014,0.0
cec23_1015,0.0
cec23_1016,0.0
cec23_1017,0.0
cec23_1018,0.0
cec23_1019,0.0
cec23_1020,0.0
cec23_1021,0.0
cec23_1022,0.0
cec23_1023,0.0
cec23_1024,0.0
cec23_1025,0.0
cec23_1026,0.0
cec23_1027,0.0
cec23_1028,0.0
cec23_1029,0.0
cec23_1030,0.0
cec23_1031,0.0
cec23_1032,0.0
cec23_1033,0.0
cec23_1034,0.0
cec23_1035,0.0
cec23_1036,0.0
cec23_1037,0.0
cec23_1038,0.0
cec23_1039,0.0
cec23_1040,0.0
cec23_1041,0.0
cec23_1042,0.0
cec23_1043,0.0
cec23_1044,0.0
cec23_1045,0.0
cec23_1046,0.0
cec23_1047,0.0
cec23_1048,0.0
cec23_1049,0.0
cec23_1050,0.0
cec23_1051,0.0
cec23_1052,0.0
cec23_1053,0.0
cec23_1054,0.0
cec23_1055,0.0
cec23_1056,0.0
cec23_1057,0.0
cec23_1058,0.0
cec23_1059,0.0
cec23_1060,0.0
cec23_1061,0.0
cec23_1062,0.0
cec23_1063,0.0
cec23_1064,0.0
cec23_1065,0.0
cec23_1066,0.0
cec23_1067,0.0
cec23_1068,0.0
cec23_1069,0.0
cec23_1070,0.0
cec23_1071,0.0
cec23_1072,0.0
cec23_1073,0.0
cec23_1074,0.0
cec23_1075,0.0
cec23_1076,0.0
cec23_1077,0.0
cec23_1078,0.0
cec23_1079,0.0
cec23_1080,0.0
cec23_1081,0.0
cec23_1082,0.0
cec23_1083,0.0
cec23_1084,0.0
cec23_1085,0.0
cec23_1086,0.0
cec23_1087,0.0
cec23_1088,0.0
cec23_1089,0.0
cec23_1090,0.0
cec23_1091,0.0
cec23_1092,0.0
cec23_1093,0.0
cec23_1094,0.0
cec23_1095,0.0
cec23_1096,0.0
cec23_1097,0.0
cec23_1098,0.0
cec23_1099,0.0
cec23_1100,0.0
cec23_1101,0.0
cec23_1102,0.0
cec23_1103,0.0
cec23_1104,0.0
cec23_1105,0.0
cec23_1106,0.0
cec23_1107,0.0
cec23_1108,0.0
cec23_1109,0.0
cec23_1110,0.0
cec23_1111,0.0
cec23_1112,0.0
cec23_1113,0.0
cec23_1114,0.0
cec23_1115,0.0
cec23_1116,0.0
cec23_1117,0.0
cec23_1118,0.0
cec23_1119,0.0
cec23_1120,0.0
cec23_1121,0.0
cec23_1122,0.0
cec23_1123,0.0
cec23_1124,0.0
cec23_1125,0.0
cec23_1126,0.0
cec23_1127,0.0
cec23_1128,0.0
cec23_1129,0.0
cec23_1130,0.0
cec23_1131,0.0
cec23_1132,0.0
cec23_1133,0.0
cec23_1134,0.0
cec23_1135,0.0
cec23_1136,0.0
cec23_1137,0.0
cec23_1138,0.0
cec23_1139,0.0
cec23_1140,0.0
cec23_1141,0.0
cec23_1142,0.0
cec23_1143,0.0
cec23_1144,0.0
cec23_1145,0.0
cec23_1146,0.0
cec23_1147,0.0
cec23_1148,0.0
cec23_1149,0.0
cec23_1150,0.0
cec23_1151,0.0
cec23_1152,0.0
cec23_1153,0.0
cec23_1154,0.0
cec23_1155,0.0
cec23_1156,0.0
cec23_1157,0.0
cec23_1158,0.0
cec23_1159,0.0
cec23_1160,0.0
cec23_1161,0.0
cec23_1162,0.0
cec23_1163,0.0
cec23_1164,0.0
cec23_1165,0.0
cec23_1166,0.0
cec23_1167,0.0
cec23_1168,0.0
cec23_1169,0.0
cec23_1170,0.0
cec23_1171,0.0
cec23_1172,0.0
cec23_1173,0.0
cec23_1174,0.0
cec23_1175,0.0
cec23_1176,0.0
cec23_1177,0.0
cec23_1178,0.0
cec23_1179,0.0
cec23_1180,0.0
cec23_1181,0.0
cec23_1182,0.0
cec23_1183,0.0
cec23_1184,0.0
cec23_1185,0.0
cec23_1186,0.0
cec23_1187,0.0
cec23_1188,0.0
cec23_1189,0.0
cec23_1190,0.0
cec23_1191,0.0
cec23_1192,0.0
cec23_1193,0.0
cec23_1194,0.0
cec23_1195,0.0
cec23_1196,0.0
cec23_1197,0.0
cec23_1198,0.0
cec23_1199,0.0
cec23_1200,0.0
cec23_1201,0.0
cec23_1202,0.0
cec23_1203,0.0
cec23_1204,0.0
cec23_1205,0.0
cec23_1206,0.0
cec23_1207,0.0
cec23_1208,0.0
cec23_1209,0.0
cec23_1210,0.0
cec23_1211,0.0
cec23_1212,0.0
cec23_1213,0.0
cec23_1214,0.0
cec23_1215,0.0
cec23_1216,0.0
cec23_1217,0.0
cec23_1218,0.0
cec23_1219,0.0
cec23_1220,0.0
cec23_1221,0.0
cec23_1222,0.0
cec23_1223,0.0
cec23_1224,0.0
cec23_1225,0.0
cec23_1226,0.0
cec23_1227,0.0
cec23_1228,0.0
cec23_1229,0.0
cec23_1230,0.0
cec23_1231,0.0
cec23_1232,0.0
cec23_1233,0.0
cec23_1234,0.0
cec23_1235,0.0
cec23_1236,0.0
cec23_1237,0.0
cats_1,71.2
cats_2,233.0
cats_3,233.0
cats_4,233.0
cats_5,233.0
cats_6,233.0
cats_7,233.0
cats_8,310.0
cats_9,310.0
cats_10,495.0
cats_11,218.0
cats_12,63.0
cats_13,63.0
cats_14,63.0
cats_15,63.0
cats_16,806.0
cats_17,806.0
cats_18,163.2
cats_19,163.2
cats_20,495.0
cats_21,164.6
cats_22,164.6
cats_23,189.2
cats_24,164.6
cats_25,164.6
cats_26,189.2
cats_27,20.0
cats_28,20.0
cats_29,50.0
cats_30,50.0
cats_31,25.4
cats_32,55.1
cats_33,57.4
cats_34,34.5
cats_35,89.9
cats_36,65.9
cats_37,43.2
cats_38,43.2
cats_39,81.6
cats_40,85.3
cats_41,85.3
cats_42,75.0
cats_43,60.5
cats_44,60.5
cats_45,60.5
cats_46,60.5
cats_47,60.5
cats_48,230.0
cats_49,182.8
cats_50,108.2
cats_51,108.2
cats_52,108.2
cats_53,108.2
cats_54,108.2
cats_55,108.2
cats_56,230.0
cats_57,264.3
cats_58,182.8
cats_59,163.2
cats_60,163.2
cats_61,216.9
cats_62,118.9
cats_63,106.9
cats_64,106.9
cats_65,60.5
cats_66,182.8
cats_67,182.8
cats_68,264.4
cats_69,28.8
cats_70,28.8
cats_71,60.5
cats_72,60.5
cats_73,71.0
cats_74,16.0
cats_75,77.0
cats_76,24.9
cats_77,24.9
cats_78,23.1
cats_79,23.1
cats_80,23.1
cats_81,23.1
cats_82,32.3
cats_83,32.3
cats_84,3.9
cats_85,3.9
cats_86,37.7
cats_87,60.5
cats_88,8.4
cats_89,8.4
cats_90,8.4
cats_91,8.4
cats_92,8.4
cats_93,8.4
cats_94,50.4
cats_95,18.0
cats_96,27.9
cats_97,27.9
cats_98,26.8
cats_99,40.0
cats_100,42.5
cats_101,49.5
cats_102,58.0
cats_103,58.0
cats_104,58.0
cats_105,50.0
cats_106,27.4
cats_107,27.4
cats_108,54.0
cats_109,17.5
cats_110,54.0
cats_111,49.8
cats_112,49.8
cats_113,49.8
cats_114,44.0
cats_115,118.7
cats_116,55.2
cats_117,24.9
cats_118,60.5
cats_119,58.0
cats_120,90.0
cats_121,40.0
cats_122,3.5
cats_123,4.5
cats_124,4.8
cats_125,5.2
cats_126,5.2
cats_127,42.4
cats_128,42.4
cats_129,40.3
cats_130,9.1
cats_131,40.7
cats_132,5.2
cats_133,10.5
cats_134,2.5
cats_135,90.8
cats_136,42.4
cats_137,40.0
cats_138,40.0
cats_139,33.5
cats_140,49.5
cats_141,34.9
cats_142,34.9
cats_143,23.1
cats_144,13.1
cats_145,16.5
cats_146,16.5
cats_147,75.0
cats_148,75.0
cats_149,75.0
cats_150,75.0
cats_151,6.0
cats_152,46.0
cats_153,46.0
cats_154,1.7
cats_155,2.1
cats_156,48.5
cats_157,2.8
cats_158,2.8
cats_159,46.0
cats_160,5.1
cats_161,5.1
cats_162,4.1
cats_163,4.4
cats_164,48.2
cats_165,75.0
cats_166,75.0
cats_167,75.0
cats_168,75.0
cats_169,38.7
cats_170,2.8
cats_171,3.3
cats_172,82.0
cats_173,82.0
cats_174,82.0
cats_175,82.0
cats_176,38.5
cats_177,38.5
cats_178,49.5
cats_179,19.2
cats_180,49.5
cats_181,24.9
cats_182,24.9
cats_183,24.9
cats_184,24.9
cats_185,24.9
cats_186,24.9
cats_187,6.0
cats_188,82.3
cats_189,13.6
cats_190,11.5
cats_191,1.2
cats_192,46.0
cats_193,8.8
cats_194,8.8
cats_195,1.2
cats_196,24.4
cats_197,7.6
cats_198,3.4
cats_199,3.4
cats_200,24.0
cats_201,31.4
cats_202,31.4
cats_203,31.4
cats_204,23.0
cats_205,5.5
cats_206,23.5
cats_207,7.3
cats_208,23.5
cats_209,7.6
cats_210,38.9
cats_211,5.3
cats_212,1.0
cats_213,0.4
cats_214,1.4
cats_215,14.5
cats_216,14.5
cats_217,14.0
cats_218,6.0
cats_219,6.0
cats_220,3.5
cats_221,3.5
cats_222,3.4
cats_223,3.4
cats_224,3.4
cats_225,3.4
cats_226,3.1
cats_227,3.1
cats_228,3.1
cats_229,3.1
cats_230,3.4
cats_231,3.4
cats_232,3.4
cats_233,3.4
cats_234,21.4
cats_235,21.4
cats_236,3.1
cats_237,3.1
cats_238,3.1
cats_239,3.1
cats_240,24.4
cats_241,24.4
cats_242,62.6
cats_243,62.6
cats_244,30.4
cats_245,9.2
cats_246,10.0
cats_247,78.0
cats_248,78.0
cats_249,78.0
cats_250,49.9
cats_251,1.5
cats_252,1.0
cats_253,27.7
cats_254,5.0
cats_255,3.0
cats_256,3.0
cats_257,41.2
cats_258,10.2
cats_259,46.0
cats_260,3.5
cats_261,3.5
cats_262,40.0
cats_263,40.0
cats_264,247.4
cats_265,212.0
cats_266,212.0
cats_267,212.0
cats_268,289.0
cats_269,289.0
cats_270,289.0
cats_271,289.0
cats_272,264.0
cats_273,210.6
cats_274,210.6
cats_275,3.2
cats_276,198.9
cats_277,198.9
cats_278,280.5
cats_279,182.0
cats_280,182.0
cats_281,227.0
cats_282,212.0
cats_283,212.0
cats_284,213.5
cats_285,306.0
cats_286,198.9
cats_287,198.9
cats_288,290.7
cats_289,200.0
cats_290,200.0
cats_291,235.0
cats_292,199.0
cats_293,199.0
cats_294,225.0
cats_295,60.5
cats_296,60.5
cats_297,60.5
cats_298,48.7
cats_299,58.9
cats_300,173.0
cats_301,173.0
cats_302,173.0
cats_303,333.0
cats_304,54.0
cats_305,37.2
cats_306,49.9
cats_307,49.9
cats_308,49.9
cats_309,49.9
cats_310,49.9
cats_311,47.0
cats_312,47.0
cats_313,47.0
cats_314,168.0
cats_315,168.0
cats_316,168.0
cats_317,185.0
cats_318,90.0
cats_319,46.1
cats_320,46.1
cats_321,126.1
cats_322,45.0
cats_323,45.0
cats_324,45.0
cats_325,45.0
cats_326,49.0
cats_327,49.0
cats_328,45.0
cats_329,45.0
cats_330,45.0
cats_331,47.3
cats_332,47.3
cats_333,47.0
cats_334,49.9
cats_335,47.0
cats_336,56.7
cats_337,167.3
cats_338,84.4
cats_339,84.4
cats_340,11.2
cats_341,11.2
cats_342,11.2
cats_343,11.2
cats_344,11.2
cats_345,11.2
cats_346,11.2
cats_347,11.2
cats_348,60.5
cats_349,47.0
cats_350,190.0
cats_351,196.8
cats_352,170.0
cats_353,165.0
cats_354,165.0
cats_355,229.0
cats_356,50.0
cats_357,50.0
cats_358,54.0
cats_359,5.9
cats_360,40.0
cats_361,40.0
cats_362,50.0
cats_363,198.9
cats_364,188.7
cats_365,57.4
cats_366,94.9
cats_367,94.9
cats_368,110.8
cats_369,3.5
cats_370,3.5
cats_371,3.5
cats_372,3.5
cats_373,4.0
cats_374,3.7
cats_375,0.3
cats_376,60.5
cats_377,60.5
cats_378,50.0
cats_379,50.0
cats_380,48.0
cats_381,48.0
cats_382,10.0
cats_383,10.0
cats_384,10.0
cats_385,10.0
cats_386,2.9
cats_387,2.9
cats_388,2.9
cats_389,2.9
cats_390,2.9
cats_391,2.9
cats_392,2.9
cats_393,2.9
cats_394,2.9
cats_395,2.9
cats_396,2.9
cats_397,2.9
cats_398,2.9
cats_399,2.9
cats_400,2.9
cats_401,2.9
cats_402,3.1
cats_403,3.1
cats_404,3.1
cats_405,3.1
cats_406,3.1
cats_407,3.1
cats_408,3.1
cats_409,3.1
cats_410,3.1
cats_411,3.1
cats_412,3.1
cats_413,3.1
cats_414,3.1
cats_415,3.1
cats_416,3.1
cats_417,3.1
cats_418,53.0
cats_419,53.0
cats_420,60.5
cats_421,60.5
cats_422,40.0
cats_423,40.0
cats_424,85.0
cats_425,1.2
cats_426,1.2
cats_427,1.2
cats_428,1.2
cats_429,1.2
cats_430,1.2
cats_431,1.2
cats_432,41.0
cats_433,8.0
cats_434,200.0
cats_435,200.0
cats_436,255.0
cats_437,49.8
cats_438,49.8
cats_439,49.8
cats_440,49.8
cats_441,49.8
cats_442,203.2
cats_443,203.2
cats_444,213.3
cats_445,181.5
cats_446,181.5
cats_447,349.4
cats_448,60.5
cats_449,60.5
cats_450,69.9
cats_451,69.9
cats_452,108.0
cats_453,108.0
cats_454,108.0
cats_455,108.0
cats_456,59.0
cats_457,59.0
cats_458,60.5
cats_459,50.0
cats_460,50.0
cats_461,50.0
cats_462,50.0
cats_463,207.0
cats_464,207.0
cats_465,207.0
cats_466,207.0
cats_467,100.0
cats_468,100.0
cats_469,100.0
cats_470,100.0
cats_471,100.0
cats_472,100.0
cats_473,100.0
cats_474,100.0
cats_475,49.9
cats_476,49.9
cats_477,49.9
cats_478,49.9
cats_479,100.0
cats_480,100.0
cats_481,100.0
cats_482,100.0
cats_483,100.0
cats_484,131.8
cats_485,131.8
cats_486,131.8
cats_487,0.8
cats_488,0.8
cats_489,49.0
cats_490,12.5
cats_491,3.5
cats_492,15.0
cats_493,15.0
cats_494,3.0
cats_495,29.0
cats_496,1.0
cats_497,1.0
cats_498,198.0
cats_499,70.7
cats_500,198.0
cats_501,70.7
cats_502,8.9
cats_503,3.0
cats_504,3.0
cats_505,185.0
cats_506,103.9
cats_507,4.5
cats_508,60.5
cats_509,4.6
cats_510,4.8
cats_511,4.8
cats_512,3.8
cats_513,1.5
cats_514,1.5
cats_515,1.5
cats_516,4.6
cats_517,4.6
cats_518,4.4
cats_519,4.4
cats_520,4.4
cats_521,2.0
cats_522,0.5
cats_523,0.5
cats_524,0.5
cats_525,0.5
cats_526,0.5
cats_527,7.2
cats_528,4.6
cats_529,4.6
cats_530,131.8
cats_531,131.8
cats_532,131.8
cats_533,131.8
cats_534,131.8
cats_535,4.6
cats_536,4.6
cats_537,4.6
cats_538,4.6
cats_539,70.5
cats_540,70.5
cats_541,3.3
cats_542,3.3
cats_543,231.0
cats_544,231.0
cats_545,216.0
cats_546,231.0
cats_547,231.0
cats_548,237.2
cats_549,4.8
cats_550,4.8
cats_551,33.5
cats_552,12.1
cats_553,0.5
cats_554,0.5
cats_555,1.0
cats_556,1.0
cats_557,1.4
cats_558,31.0
cats_559,48.6
cats_560,48.6
cats_561,117.9
cats_562,33.0
cats_563,40.0
cats_564,23.8
cats_565,25.0
cats_566,25.0
cats_567,60.3
cats_568,57.6
cats_569,8.3
cats_570,12.1
cats_571,0.7
cats_572,0.7
cats_573,36.9
cats_574,36.9
cats_575,18.4
cats_576,5.5
cats_577,12.0
cats_578,12.0
cats_579,12.0
cats_580,13.2
cats_581,53.1
cats_582,22.0
cats_583,10.0
cats_584,32.3
cats_585,35.1
cats_586,35.1
cats_587,67.5
cats_588,67.5
cats_589,13.6
cats_590,10.0
cats_591,10.0
cats_592,85.1
cats_593,83.5
cats_594,48.6
cats_595,3.4
cats_596,3.6
cats_597,10.2
cats_598,1.6
cats_599,34.6
cats_600,34.6
cats_601,26.7
cats_602,26.7
cats_603,26.7
cats_604,51.7
cats_605,51.7
cats_606,38.2
cats_607,38.2
cats_608,33.2
cats_609,32.0
cats_610,39.6
cats_611,39.6
cats_612,57.6
cats_613,52.2
cats_614,71.4
cats_615,71.4
cats_616,63.0
cats_617,63.0
cats_618,2.8
cats_619,12.3
cats_620,29.7
cats_621,6.7
cats_622,7.0
cats_623,3.7
cats_624,6.6
cats_625,6.0
cats_626,81.9
cats_627,25.5
cats_628,26.7
cats_629,13.6
cats_630,13.6
cats_631,2.8
cats_632,3.2
cats_633,3.2
cats_634,3.2
cats_635,3.2
cats_636,10.0
cats_637,10.0
cats_638,13.5
cats_639,13.5
cats_640,0.5
cats_641,0.4
cats_642,1.2
cats_643,18.0
cats_644,2.0
cats_645,2.0
cats_646,19.8
cats_647,15.8
cats_648,21.6
cats_649,31.2
cats_650,15.8
cats_651,15.8
cats_652,17.5
cats_653,17.5
cats_654,34.0
cats_655,34.0
cats_656,36.0
cats_657,36.5
cats_658,50.0
cats_659,50.0
cats_660,30.0
cats_661,2.5
cats_662,2.5
cats_663,2.3
cats_664,2.8
cats_665,2.8
cats_666,2.8
cats_667,1.0
cats_668,1.0
cats_669,2.0
cats_670,2.2
cats_671,2.0
cats_672,2.0
cats_673,2.5
cats_674,1.6
cats_675,1.5
cats_676,1.5
cats_677,1.8
cats_678,2.3
cats_679,20.5
cats_680,19.8
cats_681,6.6
cats_682,6.6
cats_683,6.6
cats_684,6.6
cats_685,1.5
cats_686,1.5
cats_687,95.0
cats_688,95.0
cats_689,11.3
cats_690,10.8
cats_691,5.9
cats_692,7.2
cats_693,3.1
cats_694,7.5
cats_695,7.5
cats_696,8.6
cats_697,78.4
cats_698,78.4
cats_699,50.0
cats_700,50.0
cats_701,39.5
cats_702,39.5
cats_703,36.5
cats_704,5.0
cats_705,5.0
cats_706,4.8
cats_707,4.4
cats_708,10.0
cats_709,9.6
cats_710,16.5
cats_711,16.5
cats_712,3.2
cats_713,37.5
cats_714,8.8
cats_715,37.5
cats_716,3.2
cats_717,2.8
cats_718,37.5
cats_719,94.5
cats_720,9.0
cats_721,44.0
cats_722,27.3
cats_723,10.0
cats_724,72.0
cats_725,11.7
cats_726,11.7
cats_727,6.5
cats_728,41.9
cats_729,10.0
cats_730,67.2
cats_731,15.3
cats_732,61.2
cats_733,61.2
cats_734,6.1
cats_735,79.2
cats_736,2.7
cats_737,78.9
cats_738,78.9
cats_739,80.8
cats_740,80.8
cats_741,74.1
cats_742,25.5
cats_743,133.0
cats_744,133.0
cats_745,2.7
cats_746,59.8
cats_747,59.8
cats_748,78.3
cats_749,78.3
cats_750,117.0
cats_751,117.0
cats_752,117.0
cats_753,32.6
cats_754,45.5
cats_755,45.5
cats_756,45.5
cats_757,34.3
cats_758,1.2
cats_759,3.3
cats_760,66.2
cats_761,66.2
cats_762,66.2
cats_763,77.2
cats_764,77.2
cats_765,39.0
cats_766,39.0
cats_767,39.0
cats_768,6.7
cats_769,6.7
cats_770,142.0
cats_771,142.0
cats_772,142.0
cats_773,142.0
cats_774,142.0
cats_775,2.0
cats_776,2.0
cats_777,30.0
cats_778,30.0
cats_779,30.0
cats_780,30.0
cats_781,90.0
cats_782,90.0
cats_783,70.0
cats_784,70.0
cats_785,157.5
cats_786,157.5
cats_787,46.7
cats_788,0.7
cats_789,0.7
cats_790,2.9
cats_791,2.9
cats_792,1.9
cats_793,5.9
cats_794,4.1
cats_795,4.4
cats_796,7.2
cats_797,10.0
cats_798,3.6
cats_799,3.6
cats_800,3.6
cats_801,1.9
cats_802,1.9
cats_803,1.9
cats_804,2.4
cats_805,12.7
cats_806,139.5
cats_807,1.8
cats_808,12.1
cats_809,1.0
cats_810,0.5
cats_811,0.5
cats_812,0.5
cats_813,19.6
cats_814,150.0
cats_815,150.0
cats_816,37.1
cats_817,37.1
cats_818,22.5
cats_819,9.9
cats_820,10.6
cats_821,22.5
cats_822,18.0
cats_823,38.6
cats_824,4.9
cats_825,9.9
cats_826,5.1
cats_827,3.0
cats_828,0.6
cats_829,10.9
cats_830,10.9
cats_831,10.9
cats_832,3.4
cats_833,1.0
cats_834,1.0
cats_835,1.0
cats_836,2.5
cats_837,2.5
cats_838,3.5
cats_839,6.1
cats_840,1.0
cats_841,2.5
cats_842,5.0
cats_843,5.0
cats_844,1.5
cats_845,55.0
cats_846,55.0
cats_847,55.0
cats_848,3.3
cats_849,3.3
cats_850,3.3
cats_851,3.3
cats_852,3.3
cats_853,3.3
cats_854,3.3
cats_855,3.3
cats_856,3.3
cats_857,1.0
cats_858,1.0
cats_859,5.9
cats_860,5.9
cats_861,5.0
cats_862,5.0
cats_863,5.0
cats_864,29.9
cats_865,3.0
cats_866,5.0
cats_867,1.1
cats_868,1.1
cats_869,1.8
cats_870,2.0
cats_871,6.8
cats_872,3.2
cats_873,2.5
cats_874,2.5
cats_875,5.0
cats_876,5.3
cats_877,1.2
cats_878,2.1
cats_879,14.5
cats_880,4.0
cats_881,0.4
cats_882,1.2
cats_883,18.4
cats_884,9.8
cats_885,2.4
cats_886,6.9
cats_887,16.2
cats_888,3.6
cats_889,2.0
cats_890,1.0
cats_891,1.5
cats_892,1.5
cats_893,4.2
cats_894,3.9
cats_895,1.1
cats_896,1.3
cats_897,20.1
cats_898,2.7
cats_899,2.7
cats_900,0.5
cats_901,126.5
cats_902,126.5
cats_903,2.6
cats_904,1.0
cats_905,2.2
cats_906,2.2
cats_907,1.4
cats_908,0.1
cats_909,0.3
cats_910,0.3
cats_911,0.3
cats_912,0.4
cats_1989,27.5
cats_1990,27.5
cats_1991,1159.0
cats_1992,1164.0
cats_1993,110.0
cats_1994,110.0
cats_1995,138.0
cats_1996,113.0
cats_1997,118.0
cats_1998,118.0
cats_1999,118.0
cats_2000,118.0
cats_2001,55.0
cats_2002,55.0
cats_2003,55.0
cats_2004,55.0
cats_2005,78.0
cats_2006,55.0
cats_2007,55.0
cats_2008,55.0
cats_2009,5.0
cats_2010,5.0
cats_2011,5.0
cats_2012,5.0
cats_2013,5.0
cats_2014,5.0
cats_2015,5.0
cats_2016,5.0
cats_2017,45.5
cats_2018,45.5
cats_2019,45.5
cats_2020,53.9
cats_2021,32.2
cats_2022,30.0
cats_2023,30.0
cats_2024,30.0
cats_2025,30.0
cats_2026,30.0
cats_2027,30.0
cats_2028,30.0
cats_2029,30.0
cats_2030,10.0
cats_2031,11.5
cats_2032,5.0
cats_2033,3.5
cats_2034,88.2
cats_2035,88.2
cats_2036,30.1
cats_2037,9.5
cats_2038,12.5
cats_2039,12.5
cats_2040,16.0
cats_2041,16.0
cats_2042,26.5
cats_2043,16.0
cats_2044,52.0
cats_2045,7.0
cats_2046,3.5
cats_2047,19.0
cats_2048,47.5
cats_2049,58.3
cats_2050,11.5
cats_2051,16.0
cats_2052,16.0
cats_2053,16.0
cats_2054,16.0
cats_2055,16.0
cats_2056,55.0
cats_2057,44.4
cats_2058,1.2
cats_2059,1.2
cats_2060,3.0
cats_2061,1.6
cats_2062,1.1
cats_2063,1.0
cats_2064,1.4
cats_2065,1.0
cats_2066,1.0
cats_2067,1.0
cats_2068,6.8
cats_2069,1.1
cats_2070,0.6
cats_2071,0.6
cats_2072,0.9
cats_2073,0.9
cats_2074,1.6
cats_2075,1.6
cats_2076,1.6
cats_2077,1.6
cats_2078,3.0
cats_2079,0.8
cats_2080,0.8
cats_2081,0.8
cats_2082,0.8
cats_2083,0.8
cats_2084,0.8
cats_2085,0.8
cats_2086,0.8
cats_2087,3.0
cats_2088,3.0
cats_2089,3.0
cats_2090,1.0
cats_2091,1.0
cats_2092,1.0
cats_2093,1.9
cats_2094,1.9
cats_2095,1.9
cats_2096,1.9
cats_2097,1.9
cats_2098,1.9
cats_2099,1.9
cats_2100,1.9
cats_2101,4.6
cats_2102,4.6
cats_2103,1.1
cats_2104,1.4
cats_2105,1.1
cats_2106,1.1
cats_2107,1.9
cats_2108,1.6
cats_2109,4.6
cats_2110,4.6
cats_2111,2.3
cats_2112,1.6
cats_2113,0.8
cats_2114,0.8
cats_2115,0.8
cats_2116,0.8
cats_2117,0.8
cats_2118,0.8
cats_2119,6.3
cats_2120,6.3
cats_2121,6.3
cats_2122,6.3
cats_2123,10.5
cats_2124,1.6
cats_2125,1.5
cats_2126,1.4
cats_2127,4.6
cats_2128,4.6
cats_2129,4.6
cats_2130,4.6
cats_2131,4.6
cats_2132,2.2
cats_2133,2.2
cats_2134,2.2
cats_2135,2.2
cats_2136,2.2
cats_2137,2.2
cats_2138,2.0
cats_2139,2.0
cats_2140,3.4
cats_2141,3.4
cats_2142,3.4
cats_2143,3.4
cats_2144,3.4
cats_2145,3.4
cats_2146,3.4
cats_2147,4.0
cats_2148,1.6
cats_2149,1.6
cats_2150,1.6
cats_2151,1.6
cats_2152,1.6
cats_2153,24.0
cats_2154,35.6
cats_2155,71.2
cats_2156,1.1
cats_2157,1.6
cats_2158,1.4
cats_2159,2.8
cats_2160,1.0
cats_2161,1.5
cats_2162,0.1
cats_2163,0.1
cats_2164,0.1
cats_2165,0.1
cats_2166,0.1
cats_2167,0.1
cats_2168,0.1
cats_2169,0.1
cats_2170,0.1
cats_2171,0.1
cats_2172,0.1
cats_2173,0.1
cats_2174,0.1
cats_2175,0.1
cats_2176,0.1
cats_2177,0.1
cats_2178,0.1
cats_2179,0.1
cats_2180,0.1
cats_2181,24.9
cats_2182,1.5
cats_2183,1.5
cats_2184,1.5
cats_2185,19.2
cats_2186,55.5
cats_2187,31.0
cats_2188,5.0
cats_2189,28.0
cats_2190,27.9
cats_2191,36.2
cats_2192,28.0
cats_2193,12.5
cats_2194,12.5
cats_2195,20.0
cats_2196,35.2
cats_2197,25.0
cats_2198,18.3
cats_2199,18.3
cats_2200,18.3
cats_2201,54.0
cats_2202,7.5
cats_2203,62.0
cats_2204,13.4
cats_2205,12.5
cats_2206,12.5
cats_2207,30.2
cats_2208,0.8
cats_2209,0.8
cats_2210,0.8
cats_2211,0.8
cats_2212,9.9
cats_2213,9.9
cats_2214,9.9
cats_2215,8.7
cats_2216,0.5
cats_2217,0.5
cats_2218,0.5
cats_2219,29.1
cats_2220,2.3
cats_2221,2.3
cats_2222,2.5
cats_2223,2.5
cats_2224,2.5
cats_2225,3.0
cats_2226,3.0
cats_2227,3.0
cats_2228,3.0
cats_2229,3.0
cats_2230,0.6
cats_2231,0.6
cats_2232,0.6
cats_2233,2.2
cats_2234,2.2
cats_2235,2.2
cats_2236,1.0
cats_2237,1.0
cats_2238,1.0
cats_2239,4.6
cats_2240,2.1
cats_2241,1.1
cats_2242,1.0
cats_2243,1.0
cats_2244,1.1
cats_2245,1.1
cats_2246,1.1
cats_2247,1.1
cats_2248,1.5
cats_2249,1.4
cats_2250,0.8
cats_2251,0.8
cats_2252,1.2
cats_2253,1.0
cats_2254,11.0
cats_2255,11.0
cats_2256,11.0
cats_2257,1.0
cats_2258,1.0
cats_2259,1.0
cats_2260,2.8
cats_2261,1.0
cats_2262,1.0
cats_2263,1.1
cats_2264,1.1
cats_2265,1.4
cats_2266,1.0
cats_2267,1.0
cats_2268,1.0
cats_2269,4.0
cats_2270,1.1
cats_2271,0.4
cats_2272,0.4
cats_2273,0.4
cats_2274,1.6
cats_2275,1.2
cats_2276,1.1
cats_2277,1.0
cats_2278,1.1
cats_2279,1.1
cats_2280,1.1
cats_2281,1.1
cats_2282,0.4
cats_2283,0.4
cats_2284,0.4
cats_2285,0.4
cats_2286,0.4
cats_2287,0.4
cats_2288,1.0
cats_2289,1.1
cats_2290,1.1
cats_2291,1.1
cats_2292,1.1
cats_2293,1.1
cats_2294,1.1
cats_2295,1.1
cats_2296,1.1
cats_2297,1.1
cats_2298,1.4
cats_2299,1.3
cats_2300,1.3
cats_2301,1.0
cats_2302,2.0
cats_2303,1.0
cats_2304,1.0
cats_2305,1.0
cats_2306,1.0
cats_2307,1.0
cats_2308,1.0
cats_2309,1.0
cats_2310,1.0
cats_2311,2.0
cats_2312,2.8
cats_2313,2.4
cats_2314,2.6
cats_2315,2.2
cats_2316,1.4
cats_2317,1.0
cats_2318,2.5
cats_2319,2.3
cats_2320,2.4
cats_2321,2.1
cats_2322,1.8
cats_2323,2.0
cats_2324,1.0
cats_2325,1.0
cats_2326,2.0
cats_2327,2.8
cats_2328,3.5
cats_2329,1.0
cats_2330,2.0
cats_2331,1.0
cats_2332,1.2
cats_2333,2.6
cats_2334,1.2
cats_2335,1.0
cats_2336,0.9
cats_2337,0.3
cats_2338,1.2
cats_2339,1.2
cats_2340,2.0
cats_2341,1.4
cats_2342,1.8
cats_2343,2.0
cats_2344,2.0
cats_2345,1.1
cats_2346,2.0
cats_2347,2.5
cats_2348,1.5
cats_2349,1.6
cats_2350,1.0
cats_2351,1.5
cats_2352,0.5
cats_2353,1.0
cats_2354,1.0
cats_2355,1.0
cats_2356,1.0
cats_2357,4.5
cats_2358,1.0
cats_2359,1.0
cats_2360,1.0
cats_2361,1.0
cats_2362,1.0
cats_2363,1.0
cats_2364,1.0
cats_2365,1.7
cats_2366,1.0
cats_2367,1.0
cats_2368,1.0
cats_2369,2.1
cats_2370,1.0
cats_2371,1.3
cats_2372,4.5
cats_2373,3.1
cats_2374,2.6
cats_2375,1.1
cats_2376,1.0
cats_2377,18.3
cats_2378,18.3
cats_2379,18.3
cats_2380,30.0
cats_2381,30.0
cats_2382,23.0
cats_2383,58.5
cats_2384,1.0
cats_2385,31.9
cats_2386,4.0
cats_2387,4.0
cats_2388,4.0
cats_2389,200.0
cats_2390,200.0
cats_2391,200.0
cats_2392,200.0
cats_2393,200.0
cats_2394,200.0
cats_2395,200.0
cats_2396,200.0
cats_2397,200.0
cats_2398,200.0
cats_2399,200.0
cats_2400,200.0
cats_2401,200.0
cats_2402,200.0
cats_2403,200.0
cats_2404,200.0
cats_2405,200.0
cats_2406,200.0
cats_2407,200.0
cats_2408,200.0
cats_2409,200.0
cats_2410,200.0
cats_2411,200.0
cats_2412,200.0
cats_2413,200.0
cats_2414,200.0
